epoch,step,train_loss,val_loss
0,49,13743.3544921875,
0,99,12769.2333984375,
0,149,11333.5380859375,
0,199,10632.837890625,
0,249,10432.8759765625,
0,299,9518.3837890625,
0,349,9900.4833984375,
0,399,8983.150390625,
0,449,8800.50390625,
0,499,8373.0,
0,549,8826.435546875,
0,599,8261.16015625,
0,649,8014.1484375,
0,699,8474.37890625,
0,749,8428.4189453125,
0,799,7985.1064453125,
0,849,8068.3759765625,
0,859,,7934.59033203125
