epoch,step,train_loss,val_loss
0,49,13040.24609375,
0,99,12227.849609375,
0,149,12553.4453125,
0,199,12347.484375,
0,249,10572.0732421875,
0,299,10432.3564453125,
0,349,10182.2333984375,
0,399,9979.140625,
0,449,9821.3779296875,
0,499,9025.455078125,
0,549,8810.779296875,
0,599,8658.6572265625,
0,649,9029.876953125,
0,699,8828.154296875,
0,749,8402.10546875,
0,799,7938.41162109375,
0,849,7812.0703125,
0,859,,8228.041015625
