epoch,step,train_loss,val_loss
0,49,12794.859375,
0,99,12373.5751953125,
0,149,11493.3125,
0,199,10569.0625,
0,249,10082.46484375,
0,299,9835.1982421875,
0,349,10057.4111328125,
0,399,9366.8115234375,
0,449,8946.126953125,
0,499,8657.32421875,
0,549,8427.6318359375,
0,599,8686.5673828125,
0,649,8068.1884765625,
0,699,8265.4033203125,
0,749,8361.4013671875,
0,799,8250.9052734375,
0,849,8017.6435546875,
0,859,,7922.66162109375
