epoch,step,train_loss,val_loss
0,49,20162.83203125,
0,99,20818.63671875,
0,149,19474.587890625,
0,199,17456.796875,
0,249,18752.0390625,
0,299,18049.54296875,
0,349,18778.4765625,
0,399,16521.142578125,
0,449,16972.740234375,
0,499,16009.6337890625,
0,549,17260.783203125,
0,599,17475.21484375,
0,649,15806.3681640625,
0,699,16768.470703125,
0,749,16303.1123046875,
0,799,16423.7578125,
0,849,16083.8466796875,
0,859,,16479.140625
