epoch,step,train_loss,val_loss
0,49,13328.01171875,
0,99,12687.099609375,
0,149,11821.6650390625,
0,199,10954.4951171875,
0,249,10121.4560546875,
0,299,9641.3818359375,
0,349,9042.6005859375,
0,399,8600.5244140625,
0,449,8996.3564453125,
0,499,8637.615234375,
0,549,8809.93359375,
0,599,7995.0283203125,
0,649,8627.1748046875,
0,699,8137.72412109375,
0,749,7618.63134765625,
0,799,8124.7861328125,
0,849,7476.1611328125,
0,859,,7923.6142578125
