epoch,step,train_loss,val_loss
0,49,13002.6474609375,
0,99,12311.32421875,
0,149,12104.716796875,
0,199,11729.0869140625,
0,249,11991.3798828125,
0,299,10741.265625,
0,349,10185.40234375,
0,399,9641.001953125,
0,449,9027.30078125,
0,499,9170.4013671875,
0,549,8740.234375,
0,599,8893.35546875,
0,649,8351.484375,
0,699,9000.80859375,
0,749,8820.0576171875,
0,799,9009.1796875,
0,849,8523.1337890625,
0,859,,8341.3115234375
