epoch,step,train_loss,val_loss
0,49,12844.0029296875,
0,99,12753.3212890625,
0,149,12217.7412109375,
0,199,11333.07421875,
0,249,11748.380859375,
0,299,10530.7958984375,
0,349,10075.572265625,
0,399,9735.255859375,
0,449,9008.98046875,
0,499,9654.873046875,
0,549,8476.6220703125,
0,599,8485.3486328125,
0,649,8957.03125,
0,699,8435.822265625,
0,749,7985.57470703125,
0,799,8075.720703125,
0,849,8318.3505859375,
0,859,,8213.7353515625
