epoch,step,train_loss,val_loss
0,49,13107.201171875,
0,99,13196.4091796875,
0,149,12241.7998046875,
0,199,11747.94921875,
0,249,11638.509765625,
0,299,11790.3740234375,
0,349,10952.833984375,
0,399,9670.533203125,
0,449,9234.212890625,
0,499,9718.974609375,
0,549,9594.580078125,
0,599,9241.884765625,
0,649,9301.005859375,
0,699,8780.6201171875,
0,749,8258.05859375,
0,799,8531.912109375,
0,849,8553.3505859375,
0,859,,8320.369140625
