epoch,step,train_loss,val_loss
0,49,12991.64453125,
0,99,12470.4970703125,
0,149,11540.87890625,
0,199,10649.0634765625,
0,249,10275.4287109375,
0,299,9584.2275390625,
0,349,8833.3828125,
0,399,9434.9873046875,
0,449,8921.21875,
0,499,9183.2041015625,
0,549,8262.33984375,
0,599,8092.2939453125,
0,649,8197.9267578125,
0,699,8207.7919921875,
0,749,8012.19091796875,
0,799,7917.8486328125,
0,849,8173.138671875,
0,859,,7973.85693359375
