epoch,step,train_loss
0,49,21745.5859375
0,99,18960.11328125
