epoch,step,train_loss,val_loss
0,49,13348.1748046875,
0,99,12352.6630859375,
0,149,11191.1171875,
0,199,10694.6845703125,
0,249,10414.7177734375,
0,299,9663.3203125,
0,349,9717.8427734375,
0,399,9591.6416015625,
0,449,8663.1220703125,
0,499,8696.2373046875,
0,549,8690.3837890625,
0,599,8350.7275390625,
0,649,8047.0205078125,
0,699,8468.9443359375,
0,749,7814.8388671875,
0,799,8052.20166015625,
0,849,8343.427734375,
0,859,,7939.5048828125
