epoch,step,train_loss,val_loss
0,49,13528.5927734375,
0,99,12302.2939453125,
0,149,12002.8857421875,
0,199,10686.19140625,
0,249,10585.66015625,
0,299,9574.9462890625,
0,349,8986.154296875,
0,399,9173.6396484375,
0,449,9036.6943359375,
0,499,8579.4384765625,
0,549,8370.0478515625,
0,599,8008.7841796875,
0,649,8167.73876953125,
0,699,8447.341796875,
0,749,7988.509765625,
0,799,7575.345703125,
0,849,7756.4423828125,
0,859,,7972.01416015625
