epoch,step,train_loss,val_loss
0,49,12594.7177734375,
0,99,12454.41015625,
0,149,11919.580078125,
0,199,10435.4404296875,
0,249,9925.1328125,
0,299,9532.5234375,
0,349,9520.58203125,
0,399,9352.5400390625,
0,449,9264.693359375,
0,499,8951.1923828125,
0,549,8378.7158203125,
0,599,8500.341796875,
0,649,8346.6826171875,
0,699,8031.64208984375,
0,749,8040.03515625,
0,799,8260.048828125,
0,849,8351.0341796875,
0,859,,8022.876953125
