{
    "shallow": 0.21240000426769257,
    "vanilla": 0.1251000016927719,
    "stacked": 0.12970000505447388,
    "sparse": 0.0203000009059906,
    "denoising": 0.051899999380111694,
    "vae": 0.13269999623298645,
    "beta_vae_strict": 0.10329999774694443,
    "beta_vae_loose": 0.14640000462532043,
    "vq": 0.2678000032901764
}