epoch,step,train_loss,val_loss
0,49,20592.375,
0,99,19038.58203125,
0,149,19083.041015625,
0,199,17118.529296875,
0,249,17574.470703125,
0,299,17971.4921875,
0,349,17093.7421875,
0,399,17209.041015625,
0,449,17860.69921875,
0,499,16939.8359375,
0,549,16800.875,
0,599,15856.4404296875,
0,649,15848.037109375,
0,699,15765.2802734375,
0,749,16828.625,
0,799,17218.056640625,
0,849,16909.353515625,
0,859,,16269.3310546875
