epoch,step,train_loss,val_loss
0,49,13079.9482421875,
0,99,12058.6025390625,
0,149,11764.720703125,
0,199,10848.634765625,
0,249,9903.732421875,
0,299,10197.771484375,
0,349,9692.404296875,
0,399,9600.14453125,
0,449,8931.4287109375,
0,499,8804.14453125,
0,549,9368.953125,
0,599,8173.57958984375,
0,649,8555.5048828125,
0,699,8208.42578125,
0,749,7898.9951171875,
0,799,8002.3515625,
0,849,8132.5439453125,
0,859,,8016.16943359375
