epoch,step,train_loss,val_loss
0,49,13157.248046875,
0,99,12875.6982421875,
0,149,12963.142578125,
0,199,11772.1025390625,
0,249,11586.7119140625,
0,299,11074.775390625,
0,349,10915.943359375,
0,399,9329.90234375,
0,449,9599.56640625,
0,499,9599.9453125,
0,549,8932.294921875,
0,599,8900.236328125,
0,649,8773.0625,
0,699,8712.0927734375,
0,749,7477.86328125,
0,799,8518.203125,
0,849,8490.3369140625,
0,859,,8316.1708984375
