epoch,step,train_loss,val_loss
0,49,12947.6962890625,
0,99,12243.640625,
0,149,11122.1142578125,
0,199,11305.791015625,
0,249,10301.7001953125,
0,299,9376.498046875,
0,349,10088.55859375,
0,399,9795.3291015625,
0,449,8437.3447265625,
0,499,9321.30859375,
0,549,9003.6103515625,
0,599,8286.1708984375,
0,649,8502.712890625,
0,699,8300.1279296875,
0,749,7685.65869140625,
0,799,8348.6962890625,
0,849,7864.99462890625,
0,859,,8047.310546875
