epoch,step,train_loss,val_loss
0,49,13856.6650390625,
0,99,12662.8388671875,
0,149,11907.4287109375,
0,199,10720.6162109375,
0,249,10307.8544921875,
0,299,10288.4853515625,
0,349,9724.4755859375,
0,399,9528.375,
0,449,9252.177734375,
0,499,8565.4443359375,
0,549,8849.2470703125,
0,599,8616.7529296875,
0,649,8467.55859375,
0,699,8547.9697265625,
0,749,9118.298828125,
0,799,7973.4013671875,
0,849,7931.32080078125,
0,859,,7961.212890625
