epoch,step,train_loss,val_loss
0,49,13361.9990234375,
0,99,12033.0703125,
0,149,12212.3447265625,
0,199,11028.80078125,
0,249,10222.4375,
0,299,10360.111328125,
0,349,9758.4521484375,
0,399,9295.962890625,
0,449,9068.9208984375,
0,499,8177.3076171875,
0,549,8553.1494140625,
0,599,8326.5244140625,
0,649,8353.6162109375,
0,699,8184.76611328125,
0,749,8203.71875,
0,799,7057.00634765625,
0,849,8575.21484375,
0,859,,7964.43701171875
