epoch,step,train_loss,val_loss
0,49,13047.9248046875,
0,99,12582.4599609375,
0,149,13065.23828125,
0,199,11555.0166015625,
0,249,11257.080078125,
0,299,11072.64453125,
0,349,9975.919921875,
0,399,10352.24609375,
0,449,10072.357421875,
0,499,8986.201171875,
0,549,8854.59765625,
0,599,8879.478515625,
0,649,8577.158203125,
0,699,8643.7958984375,
0,749,8701.0693359375,
0,799,8264.751953125,
0,849,8675.37890625,
0,859,,8258.466796875
