epoch,step,train_loss,val_loss
0,49,13306.728515625,
0,99,12650.4765625,
0,149,11382.8193359375,
0,199,10837.388671875,
0,249,10213.6533203125,
0,299,9174.3251953125,
0,349,9428.9755859375,
0,399,8843.3603515625,
0,449,9108.388671875,
0,499,8815.716796875,
0,549,8329.94140625,
0,599,8016.42822265625,
0,649,8211.375,
0,699,8625.69921875,
0,749,8119.8603515625,
0,799,8157.3837890625,
0,849,7117.8134765625,
0,859,,7994.07275390625
