epoch,step,train_loss,val_loss
0,49,13382.751953125,
0,99,12286.5859375,
0,149,11154.5166015625,
0,199,10841.9150390625,
0,249,10645.181640625,
0,299,9453.1826171875,
0,349,9990.8759765625,
0,399,9293.919921875,
0,449,9082.955078125,
0,499,9159.15625,
0,549,8707.2548828125,
0,599,8719.5166015625,
0,649,8652.478515625,
0,699,8580.30078125,
0,749,7929.6455078125,
0,799,7931.1279296875,
0,849,8033.58984375,
0,859,,7942.7080078125
