epoch,step,train_loss,val_loss
0,49,13593.376953125,
0,99,12761.603515625,
0,149,12661.0732421875,
0,199,10791.0078125,
0,249,10184.548828125,
0,299,9953.5556640625,
0,349,9477.6513671875,
0,399,8967.36328125,
0,449,8795.4755859375,
0,499,8548.1953125,
0,549,8781.68359375,
0,599,7977.7314453125,
0,649,8679.9619140625,
0,699,8165.38525390625,
0,749,7954.796875,
0,799,7620.67041015625,
0,849,7937.82080078125,
0,859,,7949.81201171875
