epoch,step,train_loss,val_loss
0,49,13200.9755859375,
0,99,12245.4521484375,
0,149,11445.2216796875,
0,199,11699.36328125,
0,249,11523.5029296875,
0,299,10484.9951171875,
0,349,9685.626953125,
0,399,10025.71875,
0,449,9433.0458984375,
0,499,9541.2392578125,
0,549,8705.078125,
0,599,8878.5048828125,
0,649,8425.109375,
0,699,8628.75,
0,749,8469.0087890625,
0,799,8692.5185546875,
0,849,8131.03759765625,
0,859,,8196.7314453125
