epoch,step,train_loss,val_loss
0,49,13577.4541015625,
0,99,12669.6220703125,
0,149,11559.626953125,
0,199,11449.0380859375,
0,249,10762.11328125,
0,299,9564.8564453125,
0,349,9627.9638671875,
0,399,9257.6328125,
0,449,8741.40234375,
0,499,8958.3134765625,
0,549,9128.7353515625,
0,599,7946.283203125,
0,649,7886.03173828125,
0,699,8384.1875,
0,749,8164.5654296875,
0,799,7497.78271484375,
0,849,7908.744140625,
0,859,,7951.49755859375
