epoch,step,train_loss,val_loss
0,49,13738.8837890625,
0,99,12873.6708984375,
0,149,12540.927734375,
0,199,12092.4521484375,
0,249,11801.30859375,
0,299,10815.1015625,
0,349,10527.689453125,
0,399,9582.216796875,
0,449,9213.03515625,
0,499,9270.021484375,
0,549,9188.0869140625,
0,599,8695.1708984375,
0,649,8765.923828125,
0,699,9072.9794921875,
0,749,8467.55859375,
0,799,8116.00732421875,
0,849,9020.8447265625,
0,859,,8298.2060546875
