epoch,step,train_loss,val_loss
0,49,22909.083984375,
0,99,19438.34765625,
0,149,18849.33984375,
0,199,18537.65625,
0,249,18564.408203125,
0,299,16688.474609375,
0,349,18102.990234375,
0,399,16943.15625,
0,449,16978.671875,
0,499,16505.583984375,
0,549,17129.228515625,
0,599,15990.8154296875,
0,649,16279.640625,
0,699,16551.3984375,
0,749,16863.322265625,
0,799,16304.271484375,
0,849,16520.828125,
0,859,,16277.0302734375
