epoch,step,train_loss,val_loss
0,49,13160.810546875,
0,99,11364.9111328125,
0,149,11973.9423828125,
0,199,10741.8271484375,
0,249,10405.087890625,
0,299,10160.05078125,
0,349,8577.619140625,
0,399,9581.703125,
0,449,9361.58984375,
0,499,9018.546875,
0,549,8347.77734375,
0,599,8098.6689453125,
0,649,8725.7099609375,
0,699,8148.31884765625,
0,749,8267.9677734375,
0,799,8191.732421875,
0,849,8118.24951171875,
0,859,,7950.8330078125
