epoch,step,train_loss,val_loss
0,49,12938.982421875,
0,99,12362.1142578125,
0,149,11998.6376953125,
0,199,10827.5283203125,
0,249,10617.3212890625,
0,299,9521.587890625,
0,349,10093.6923828125,
0,399,9362.859375,
0,449,9374.4375,
0,499,8632.5419921875,
0,549,8425.7607421875,
0,599,8412.873046875,
0,649,8624.4169921875,
0,699,8513.0869140625,
0,749,7772.51708984375,
0,799,8387.775390625,
0,849,7968.71435546875,
0,859,,8008.30419921875
