epoch,step,train_loss
0,49,12845.9453125
0,99,12302.591796875
0,149,11665.0234375
0,199,10145.0390625
0,249,10123.9453125
0,299,9542.576171875
