epoch,step,train_loss,val_loss
0,49,13660.779296875,
0,99,12195.876953125,
0,149,11443.58203125,
0,199,10828.9765625,
0,249,9925.7705078125,
0,299,9735.0048828125,
0,349,9755.1201171875,
0,399,9339.5537109375,
0,449,9018.3369140625,
0,499,8437.611328125,
0,549,8322.380859375,
0,599,9245.458984375,
0,649,8539.4599609375,
0,699,8037.69873046875,
0,749,8111.98779296875,
0,799,8000.904296875,
0,849,8335.01953125,
0,859,,7914.90087890625
