epoch,step,train_loss,val_loss
0,49,13068.255859375,
0,99,12995.826171875,
0,149,12240.4052734375,
0,199,12300.978515625,
0,249,10726.0537109375,
0,299,11258.888671875,
0,349,9850.3427734375,
0,399,10026.638671875,
0,449,9577.10546875,
0,499,9744.037109375,
0,549,9060.9892578125,
0,599,9032.91015625,
0,649,8856.68359375,
0,699,8667.7451171875,
0,749,8479.544921875,
0,799,8130.46728515625,
0,849,8261.6181640625,
0,859,,8362.9697265625
