epoch,step,train_loss,val_loss
0,49,13377.099609375,
0,99,12974.7216796875,
0,149,11095.2744140625,
0,199,10757.900390625,
0,249,10661.6484375,
0,299,9844.400390625,
0,349,9963.4609375,
0,399,9993.123046875,
0,449,9560.7470703125,
0,499,8764.6435546875,
0,549,9166.15234375,
0,599,8710.185546875,
0,649,7995.5927734375,
0,699,8308.8837890625,
0,749,8227.107421875,
0,799,7906.1005859375,
0,849,7680.0400390625,
0,859,,7985.60498046875
