epoch,step,train_loss,val_loss
0,49,12603.71484375,
0,99,12723.333984375,
0,149,12112.93359375,
0,199,10906.0654296875,
0,249,10911.1748046875,
0,299,11079.5009765625,
0,349,9385.197265625,
0,399,9457.9794921875,
0,449,9020.623046875,
0,499,8864.708984375,
0,549,9239.576171875,
0,599,8479.6083984375,
0,649,8558.55859375,
0,699,8276.65234375,
0,749,7774.47119140625,
0,799,7715.01513671875,
0,849,7782.39990234375,
0,859,,8017.06494140625
