epoch,step,train_loss,val_loss
0,49,21655.904296875,
0,99,19494.8359375,
0,149,19566.3203125,
0,199,17668.111328125,
0,249,16584.806640625,
0,299,16903.544921875,
0,349,16967.72265625,
0,399,17898.439453125,
0,449,16843.5078125,
0,499,17204.958984375,
0,549,16980.548828125,
0,599,15391.373046875,
0,649,15319.466796875,
0,699,16892.349609375,
0,749,16799.251953125,
0,799,15772.6630859375,
0,849,16553.02734375,
0,859,,16255.2802734375
