epoch,step,train_loss,val_loss
0,49,13407.9521484375,
0,99,11604.4736328125,
0,149,12628.5029296875,
0,199,10535.896484375,
0,249,10054.1162109375,
0,299,10225.6767578125,
0,349,9165.6103515625,
0,399,9459.0615234375,
0,449,9261.3076171875,
0,499,9449.5927734375,
0,549,8582.0615234375,
0,599,8402.35546875,
0,649,9302.61328125,
0,699,8312.2001953125,
0,749,7960.04443359375,
0,799,8057.083984375,
0,849,7881.8056640625,
0,859,,7983.37353515625
