epoch,step,train_loss,val_loss
0,49,12853.38671875,
0,99,12679.9404296875,
0,149,11882.2216796875,
0,199,11452.78125,
0,249,10082.5771484375,
0,299,10078.3779296875,
0,349,9181.0908203125,
0,399,9989.400390625,
0,449,9156.8134765625,
0,499,9181.5634765625,
0,549,7805.97021484375,
0,599,8692.732421875,
0,649,9085.9580078125,
0,699,8286.6396484375,
0,749,8431.9287109375,
0,799,7906.07568359375,
0,849,8407.744140625,
0,859,,7944.49755859375
