epoch,step,train_loss,val_loss
0,49,13754.78515625,
0,99,12974.74609375,
0,149,12256.2666015625,
0,199,11629.845703125,
0,249,11480.6767578125,
0,299,10985.2470703125,
0,349,10037.05859375,
0,399,9915.8662109375,
0,449,9364.6240234375,
0,499,9049.52734375,
0,549,9186.29296875,
0,599,8433.197265625,
0,649,8397.923828125,
0,699,8670.515625,
0,749,8160.2431640625,
0,799,7556.5498046875,
0,849,7913.9306640625,
0,859,,8399.8603515625
