epoch,step,train_loss,val_loss
0,49,12986.859375,
0,99,12393.494140625,
0,149,10854.376953125,
0,199,10616.74609375,
0,249,10456.0439453125,
0,299,9434.1474609375,
0,349,9344.7197265625,
0,399,8663.001953125,
0,449,8860.349609375,
0,499,8355.3583984375,
0,549,8764.3818359375,
0,599,8264.75,
0,649,8240.8271484375,
0,699,8085.41259765625,
0,749,8350.7490234375,
0,799,7374.43603515625,
0,849,7901.09912109375,
0,859,,7948.9345703125
